{"test_metric": 0.3230144190594604, "_timestamp": 1704728083.2239525, "_runtime": 2.726327419281006, "_step": 99, "_wandb": {"runtime": 1}}