{"acc": 0.8750018530596769, "loss": 0.0718466247791017, "_timestamp": 1704728137.2845616, "_runtime": 2.916905641555786, "_step": 7, "_wandb": {"runtime": 1}}